	Tweet	Username	Date	Hashtags	Likes	Retweets	Replies	Url	Score
QUERY	joe biden won elections
0	"GEORGIA.🚨  BREAKING NEWS: Georgia again confirms Joe Biden ""won"" the state by recertifying election results.   The election recertification includes at least 1.7 million untraceable mail-in ballots, anomalies such as vote-switching &amp; ballot harvesting caught on video."	Kyle Becker	Mon Dec 07 19:21:26 +0000 2020	[]	14429	5827	1085	https://twitter.com/i/web/status/1336028060324401152	1.0	0.3426498910939942
1	Joe Biden was “Selected” not elected.	The TRUMP PAGE 🇺🇸	Mon Dec 07 17:45:45 +0000 2020	[]	411	105	20	https://twitter.com/i/web/status/1336003980594270208	0.0	0.5255820457511882
2	Joe Biden was “Selected” not elected.	The TRUMP PAGE 🇺🇸	Mon Dec 07 17:45:45 +0000 2020	[]	411	105	20	https://twitter.com/i/web/status/1336003980594270208	0.0	0.5255820457511882
3	President-elect Joe Biden becomes President Joe Biden in 44 days.	Robert Reich	Mon Dec 07 17:00:02 +0000 2020	[]	5168	362	158	https://twitter.com/i/web/status/1335992476633481216	2.0	0.4662087117801051
4	"GEORGIA.🚨  BREAKING NEWS: Georgia again confirms Joe Biden ""won"" the state by recertifying election results.   The election recertification includes at least 1.7 million untraceable mail-in ballots, anomalies such as vote-switching &amp; ballot harvesting caught on video."	Kyle Becker	Mon Dec 07 19:21:26 +0000 2020	[]	14429	5827	1085	https://twitter.com/i/web/status/1336028060324401152	1.0	0.3426498910939942
5	US election results 2020: Joe Biden defeats Donald Trump to win presidency 	Guardian news	Mon Dec 07 17:21:32 +0000 2020	[]	89	16	29	https://twitter.com/i/web/status/1335997887386443779	2.0	0.3699935824443025
6	IT'S OFFICIAL: Georgia has CERTIFIED its election results again, and Joe Biden is still our next President.  And in January, we'll beat #DoubleDealingDavid and #CorruptKelly to flip the senate and win GA again!!!	BrooklynDad_Defiant!	Mon Dec 07 19:32:38 +0000 2020	['DoubleDealingDavid', 'CorruptKelly']	5356	721	98	https://twitter.com/i/web/status/1336030877088964610	2.0	0.3683367120185451
7	"GEORGIA.🚨  BREAKING NEWS: Georgia again confirms Joe Biden ""won"" the state by recertifying election results.   The election recertification includes at least 1.7 million untraceable mail-in ballots, anomalies such as vote-switching &amp; ballot harvesting caught on video."	Kyle Becker	Mon Dec 07 19:21:26 +0000 2020	[]	14429	5827	1085	https://twitter.com/i/web/status/1336028060324401152	1.0	0.3426498910939942
8	Georgia has officially certified its election results yet again.  Joe Biden will be our President after winning for the 50th time in a single month, yay.	Ricky Davila	Mon Dec 07 21:11:57 +0000 2020	[]	2102	233	39	https://twitter.com/i/web/status/1336055871411896320	2.0	0.36445392220778505
9	Great news for President-elect Joe Biden  via @PalmerReport	Joshua Moreland	Mon Dec 07 21:54:13 +0000 2020	[]	38	14	0	https://twitter.com/i/web/status/1336066510079602690	2.0	0.3568180102299446
10	Joe Biden was “Selected” not elected.	The TRUMP PAGE 🇺🇸	Mon Dec 07 17:45:45 +0000 2020	[]	411	105	20	https://twitter.com/i/web/status/1336003980594270208	0.0	0.5255820457511882
11	Joe Biden won the election because we all came out and supported him. Let’s do this one more time GA and then you can rest awhile. Fight for GA and fight for the rest of us. Vote Warnock and Ossoff for Senate and change America for the better. It’s up to you. Thank you 1/5/21	katherine ✌🏻❤️🎸🌎🧚🌺🌼🌸	Mon Dec 07 19:33:25 +0000 2020	[]	225	76	6	https://twitter.com/i/web/status/1336031075013783552	2.0	0.34916433003201075
12	"GEORGIA.🚨  BREAKING NEWS: Georgia again confirms Joe Biden ""won"" the state by recertifying election results.   The election recertification includes at least 1.7 million untraceable mail-in ballots, anomalies such as vote-switching &amp; ballot harvesting caught on video."	Kyle Becker	Mon Dec 07 19:21:26 +0000 2020	[]	14429	5827	1085	https://twitter.com/i/web/status/1336028060324401152	1.0	0.3426498910939942
13	Joe Biden was “Selected” not elected.	The TRUMP PAGE 🇺🇸	Mon Dec 07 17:45:45 +0000 2020	[]	411	105	20	https://twitter.com/i/web/status/1336003980594270208	0.0	0.5255820457511882
14	"GEORGIA.🚨  BREAKING NEWS: Georgia again confirms Joe Biden ""won"" the state by recertifying election results.   The election recertification includes at least 1.7 million untraceable mail-in ballots, anomalies such as vote-switching &amp; ballot harvesting caught on video."	Kyle Becker	Mon Dec 07 19:21:26 +0000 2020	[]	14429	5827	1085	https://twitter.com/i/web/status/1336028060324401152	1.0	0.3426498910939942
15	Joe Biden was “Selected” not elected.	The TRUMP PAGE 🇺🇸	Mon Dec 07 17:45:45 +0000 2020	[]	411	105	20	https://twitter.com/i/web/status/1336003980594270208	0.0	0.5255820457511882
16	So weird that election interference was real to the Democrats until the day they thought Joe Biden won the election	Ashley StClair 🇺🇸	Sun Dec 06 18:18:10 +0000 2020	[]	6875	803	65	https://twitter.com/i/web/status/1335649753141547009	2.0	0.3377711827302091
17	"GEORGIA.🚨  BREAKING NEWS: Georgia again confirms Joe Biden ""won"" the state by recertifying election results.   The election recertification includes at least 1.7 million untraceable mail-in ballots, anomalies such as vote-switching &amp; ballot harvesting caught on video."	Kyle Becker	Mon Dec 07 19:21:26 +0000 2020	[]	14429	5827	1085	https://twitter.com/i/web/status/1336028060324401152	1.0	0.3426498910939942
18	Joe Biden was “Selected” not elected.	The TRUMP PAGE 🇺🇸	Mon Dec 07 17:45:45 +0000 2020	[]	411	105	20	https://twitter.com/i/web/status/1336003980594270208	0.0	0.5255820457511882
19	Joe Biden was “Selected” not elected.	The TRUMP PAGE 🇺🇸	Mon Dec 07 17:45:45 +0000 2020	[]	411	105	20	https://twitter.com/i/web/status/1336003980594270208	0.0	0.5255820457511882
QUERY	donald trump is the president
0	Donald Trump is my president.  And I’m feeling mighty protective of my president and my country right about now.  #StopTheSteal #SaveTheRepublic @JennaEllisEsq @RudyGiuliani #SaveAmerica #MAGA #KAG2020 🇺🇸 https://t.co/UBB2BS1UyY	#1776 Donald Trump 🇺🇸	Mon Dec 07 02:29:22 +0000 2020	['StopTheSteal', 'SaveTheRepublic', 'SaveAmerica', 'MAGA', 'KAG2020']	104	38	1	https://twitter.com/i/web/status/1335773363709472768	1.0	0.3863142256012415
1	Donald Trump is my president.  And I’m feeling mighty protective of my president and my country right about now.  #StopTheSteal #SaveTheRepublic @JennaEllisEsq @RudyGiuliani #SaveAmerica #MAGA #KAG2020 🇺🇸 https://t.co/UBB2BS1UyY	#1776 Donald Trump 🇺🇸	Mon Dec 07 02:29:22 +0000 2020	['StopTheSteal', 'SaveTheRepublic', 'SaveAmerica', 'MAGA', 'KAG2020']	104	38	1	https://twitter.com/i/web/status/1335773363709472768	1.0	0.3863142256012415
2	US election results 2020: Joe Biden defeats Donald Trump to win presidency 	Guardian news	Mon Dec 07 17:21:32 +0000 2020	[]	89	16	29	https://twitter.com/i/web/status/1335997887386443779	2.0	0.40052164749805386
3	'it just takes ONE brave state' -President Donald J Trump.	Trumpster	Mon Dec 07 22:58:07 +0000 2020	[]	59	15	1	https://twitter.com/i/web/status/1336082590311313408	2.0	0.4003373984251939
4	Donald Trump is my president.  And I’m feeling mighty protective of my president and my country right about now.  #StopTheSteal #SaveTheRepublic @JennaEllisEsq @RudyGiuliani #SaveAmerica #MAGA #KAG2020 🇺🇸 https://t.co/UBB2BS1UyY	#1776 Donald Trump 🇺🇸	Mon Dec 07 02:29:22 +0000 2020	['StopTheSteal', 'SaveTheRepublic', 'SaveAmerica', 'MAGA', 'KAG2020']	104	38	1	https://twitter.com/i/web/status/1335773363709472768	1.0	0.3863142256012415
5	“We will never surrender. “ -President Donald J. Trump	ArmyBratt ⭐️⭐️⭐️Parler: ArmyBratt68	Sun Dec 06 13:56:00 +0000 2020	[]	1011	289	16	https://twitter.com/i/web/status/1335583774852206593	0.0	0.43332503878671375
6	Donald Trump is my president.  And I’m feeling mighty protective of my president and my country right about now.  #StopTheSteal #SaveTheRepublic @JennaEllisEsq @RudyGiuliani #SaveAmerica #MAGA #KAG2020 🇺🇸 https://t.co/UBB2BS1UyY	#1776 Donald Trump 🇺🇸	Mon Dec 07 02:29:22 +0000 2020	['StopTheSteal', 'SaveTheRepublic', 'SaveAmerica', 'MAGA', 'KAG2020']	104	38	1	https://twitter.com/i/web/status/1335773363709472768	1.0	0.3863142256012415
7	Donald Trump is my president.  And I’m feeling mighty protective of my president and my country right about now.  #StopTheSteal #SaveTheRepublic @JennaEllisEsq @RudyGiuliani #SaveAmerica #MAGA #KAG2020 🇺🇸 https://t.co/UBB2BS1UyY	#1776 Donald Trump 🇺🇸	Mon Dec 07 02:29:22 +0000 2020	['StopTheSteal', 'SaveTheRepublic', 'SaveAmerica', 'MAGA', 'KAG2020']	104	38	1	https://twitter.com/i/web/status/1335773363709472768	1.0	0.3863142256012415
8	I'm Corupt, Donald Trump. Ex PRESIDENT OF AMERICA 🇺🇸. 	Senad.kelly@gmail.com	Mon Dec 07 23:25:47 +0000 2020	[]	1	1	0	https://twitter.com/i/web/status/1336089551337639937	2.0	0.37227847043093304
9	Donald Trump is my president.  And I’m feeling mighty protective of my president and my country right about now.  #StopTheSteal #SaveTheRepublic @JennaEllisEsq @RudyGiuliani #SaveAmerica #MAGA #KAG2020 🇺🇸 https://t.co/UBB2BS1UyY	#1776 Donald Trump 🇺🇸	Mon Dec 07 02:29:22 +0000 2020	['StopTheSteal', 'SaveTheRepublic', 'SaveAmerica', 'MAGA', 'KAG2020']	104	38	1	https://twitter.com/i/web/status/1335773363709472768	1.0	0.3863142256012415
10	“We will never surrender. “ -President Donald J. Trump	ArmyBratt ⭐️⭐️⭐️Parler: ArmyBratt68	Sun Dec 06 13:56:00 +0000 2020	[]	1011	289	16	https://twitter.com/i/web/status/1335583774852206593	0.0	0.43332503878671375
11	“We will never surrender. “ -President Donald J. Trump	ArmyBratt ⭐️⭐️⭐️Parler: ArmyBratt68	Sun Dec 06 13:56:00 +0000 2020	[]	1011	289	16	https://twitter.com/i/web/status/1335583774852206593	0.0	0.43332503878671375
12	Keep Praying American Patriots!! I stand with My President Donald Trump who WON a Landslide election!! Now go and take YOUR Win @realDonaldTrump God is in control! Get on your knees and pray that we will see that God is in control of this election and our country! https://t.co/a8Urxw0b7g	💥🇺🇸🇺🇸Beth MAGA Girl	Sun Dec 06 06:12:38 +0000 2020	[]	40	28	5	https://twitter.com/i/web/status/1335467163281477632	2.0	0.34414969394082906
13	"@tedcruz ""We don’t have freedom of the press in this country — we have suppression by the press."" - President Donald Trump"	Kenny	Mon Dec 07 21:13:43 +0000 2020	[]	516	65	15	https://twitter.com/i/web/status/1336056317123956737	2.0	0.3383021814852209
14	@JFKLibrary @TMB3000 President Donald J Trump	Christian DEEB	Sat Dec 05 16:52:43 +0000 2020	[]	43	5	5	https://twitter.com/i/web/status/1335265859795873793	2.0	0.33374048773128
15	"President Donald J. Trump: “you'll see a lot of big things happening over the next couple of days."""	President - Elect ePearce4Q 🇦🇺🇺🇸🇨🇦	Mon Dec 07 22:56:13 +0000 2020	[]	18	5	1	https://twitter.com/i/web/status/1336082111657172993	2.0	0.32949913810524323
16	Donald Trump is the greatest President in HISTORY.  He not only has arrested more child traffickers than any other President but has also brought PEACE TO THE WORLD.	Reed Cooper🇺🇸	Sun Dec 06 10:25:29 +0000 2020	[]	2125	835	23	https://twitter.com/i/web/status/1335530795180634114	2.0	0.32889589313707
17	Donald Trump is my president.  And I’m feeling mighty protective of my president and my country right about now.  #StopTheSteal #SaveTheRepublic @JennaEllisEsq @RudyGiuliani #SaveAmerica #MAGA #KAG2020 🇺🇸 https://t.co/UBB2BS1UyY	#1776 Donald Trump 🇺🇸	Mon Dec 07 02:29:22 +0000 2020	['StopTheSteal', 'SaveTheRepublic', 'SaveAmerica', 'MAGA', 'KAG2020']	104	38	1	https://twitter.com/i/web/status/1335773363709472768	1.0	0.3863142256012415
18	“We will never surrender. “ -President Donald J. Trump	ArmyBratt ⭐️⭐️⭐️Parler: ArmyBratt68	Sun Dec 06 13:56:00 +0000 2020	[]	1011	289	16	https://twitter.com/i/web/status/1335583774852206593	0.0	0.43332503878671375
19	“We will never surrender. “ -President Donald J. Trump	ArmyBratt ⭐️⭐️⭐️Parler: ArmyBratt68	Sun Dec 06 13:56:00 +0000 2020	[]	1011	289	16	https://twitter.com/i/web/status/1335583774852206593	0.0	0.43332503878671375
QUERY	elections are a fraud
0	"@jaketapper ""I won the election"" ""Actually, I won"" ""Fraud!"" ""There was fraud! Big fraud!"" ""I won"" "	Carl Allen	Mon Dec 07 23:21:05 +0000 2020	[]	2	2	0	https://twitter.com/i/web/status/1336088371853221893	0.0	0.46818365915099314
1	ELECTION IN GEORGIA IS NOW PROVEN TO BE A FRAUD.	Rudy W. Giuliani	Thu Dec 03 22:09:12 +0000 2020	[]	192874	54120	10294	https://twitter.com/i/web/status/1334620731045507073	0.0	0.437593491467276
2	Their no election fraud claims have all been debunked.	hANdsOme seaN	Mon Dec 07 22:09:35 +0000 2020	[]	60	10	2	https://twitter.com/i/web/status/1336070377663987714	1.0	0.41067653436005264
3	This 2020 election was the biggest joke ever! Fraud! Fraud! Fraud!	🇺🇸 ✝️ RICK (VOTER FRAUD IS REAL!) ✝️ 🇺🇸	Mon Dec 07 23:13:14 +0000 2020	[]	10	2	0	https://twitter.com/i/web/status/1336086393588748289	0.0	0.4125845903977208
4	Their no election fraud claims have all been debunked.	hANdsOme seaN	Mon Dec 07 22:09:35 +0000 2020	[]	60	10	2	https://twitter.com/i/web/status/1336070377663987714	1.0	0.41067653436005264
5	The only fraud in the 2020 election is Donald J. Trump.	(((DeanObeidallah)))	Mon Dec 07 16:27:25 +0000 2020	[]	367	60	7	https://twitter.com/i/web/status/1335984266346369025	2.0	0.41622938292359585
6	Election Fraud protest live in AZ now..... 	Sunnyloves45 (Biden Cheated)	Mon Dec 07 23:28:04 +0000 2020	[]	2	1	0	https://twitter.com/i/web/status/1336090129413206018	0.0	0.3647294689382624
7	The only fraud in the 2020 election is Donald J. Trump.	(((DeanObeidallah)))	Mon Dec 07 16:27:25 +0000 2020	[]	367	60	7	https://twitter.com/i/web/status/1335984266346369025	2.0	0.41622938292359585
8	The only fraud in the 2020 election is Donald J. Trump.	(((DeanObeidallah)))	Mon Dec 07 16:27:25 +0000 2020	[]	367	60	7	https://twitter.com/i/web/status/1335984266346369025	2.0	0.41622938292359585
9	The only fraud in the 2020 election is Donald J. Trump.	(((DeanObeidallah)))	Mon Dec 07 16:27:25 +0000 2020	[]	367	60	7	https://twitter.com/i/web/status/1335984266346369025	2.0	0.41622938292359585
10	Their no election fraud claims have all been debunked.	hANdsOme seaN	Mon Dec 07 22:09:35 +0000 2020	[]	60	10	2	https://twitter.com/i/web/status/1336070377663987714	1.0	0.41067653436005264
11	The only fraud in the 2020 election is Donald J. Trump.	(((DeanObeidallah)))	Mon Dec 07 16:27:25 +0000 2020	[]	367	60	7	https://twitter.com/i/web/status/1335984266346369025	2.0	0.41622938292359585
12	The only fraud in the 2020 election is Donald J. Trump.	(((DeanObeidallah)))	Mon Dec 07 16:27:25 +0000 2020	[]	367	60	7	https://twitter.com/i/web/status/1335984266346369025	2.0	0.41622938292359585
13	The only fraud in the 2020 election is Donald J. Trump.	(((DeanObeidallah)))	Mon Dec 07 16:27:25 +0000 2020	[]	367	60	7	https://twitter.com/i/web/status/1335984266346369025	2.0	0.41622938292359585
14	If there’s this much unemployment fraud how much election fraud do you think is possible in California?  California unemployment fraud during pandemic may total $2B, Bank of America says | KTLA https://t.co/9PMEbZaCMT	FIGHT LIKE A FLYNN	Mon Dec 07 23:18:02 +0000 2020	[]	1	1	0	https://twitter.com/i/web/status/1336087601669959680	0.0	0.31583298088925627
15	Their no election fraud claims have all been debunked.	hANdsOme seaN	Mon Dec 07 22:09:35 +0000 2020	[]	60	10	2	https://twitter.com/i/web/status/1336070377663987714	1.0	0.41067653436005264
16	Great summary of election fraud and irregularities. 	Mark Dice	Sun Dec 06 02:35:04 +0000 2020	[]	1702	522	74	https://twitter.com/i/web/status/1335412410446802947	0.0	0.3118641079115544
17	Their no election fraud claims have all been debunked.	hANdsOme seaN	Mon Dec 07 22:09:35 +0000 2020	[]	60	10	2	https://twitter.com/i/web/status/1336070377663987714	1.0	0.41067653436005264
18	How can Joe Biden govern a nation when 6/10 Americans think there was election fraud?	Nick Adams	Sun Dec 06 00:02:36 +0000 2020	[]	993	202	84	https://twitter.com/i/web/status/1335374041981575169	0.0	0.30793840958370566
19	I’m old enough to remember watching the election fraud happen on election night live.....	Red Viper Kraken Gal	Mon Dec 07 22:38:37 +0000 2020	[]	26	6	0	https://twitter.com/i/web/status/1336077682099040261	0.0	0.30661362122299146
